monthOfFirstRegistration,fuelType,total
2001-03-01 00:00:00.000000 UTC,PETROL,2956
2004-04-01 00:00:00.000000 UTC,PETROL,1966
2005-10-01 00:00:00.000000 UTC,DIESEL,1823
2003-12-01 00:00:00.000000 UTC,DIESEL,907
2004-07-01 00:00:00.000000 UTC,PETROL,1776
2007-06-01 00:00:00.000000 UTC,PETROL,3043
2006-11-01 00:00:00.000000 UTC,DIESEL,1563
2005-06-01 00:00:00.000000 UTC,DIESEL,3651
2005-03-01 00:00:00.000000 UTC,DIESEL,5027
2005-09-01 00:00:00.000000 UTC,DIESEL,3815
2001-12-01 00:00:00.000000 UTC,PETROL,446
2008-03-01 00:00:00.000000 UTC,DIESEL,5705
2009-04-01 00:00:00.000000 UTC,DIESEL,2137
2005-05-01 00:00:00.000000 UTC,PETROL,2129
2003-04-01 00:00:00.000000 UTC,PETROL,2116
2002-02-01 00:00:00.000000 UTC,DIESEL,2275
2003-06-01 00:00:00.000000 UTC,DIESEL,2853
2020-10-01 00:00:00.000000 UTC,ELECTRIC DIESEL,99
2020-11-01 00:00:00.000000 UTC,PETROL,1719
2020-03-01 00:00:00.000000 UTC,DIESEL,1397
2020-01-01 00:00:00.000000 UTC,PETROL,3589
2020-01-01 00:00:00.000000 UTC,DIESEL,1906
2004-12-01 00:00:00.000000 UTC,PETROL,696
2020-09-01 00:00:00.000000 UTC,HYBRID ELECTRIC,704
2008-09-01 00:00:00.000000 UTC,PETROL,2286
2007-05-01 00:00:00.000000 UTC,PETROL,2435
2009-01-01 00:00:00.000000 UTC,PETROL,2719
2006-01-01 00:00:00.000000 UTC,DIESEL,5017
2004-01-01 00:00:00.000000 UTC,DIESEL,4397
2007-11-01 00:00:00.000000 UTC,PETROL,1178
2020-06-01 00:00:00.000000 UTC,PETROL,2069
2020-07-01 00:00:00.000000 UTC,DIESEL,1194
2002-06-01 00:00:00.000000 UTC,DIESEL,2286
2002-06-01 00:00:00.000000 UTC,PETROL,2197
2003-11-01 00:00:00.000000 UTC,DIESEL,1336
2001-09-01 00:00:00.000000 UTC,GAS BI-FUEL,19
2002-03-01 00:00:00.000000 UTC,DIESEL,3392
2008-07-01 00:00:00.000000 UTC,DIESEL,2553
2001-05-01 00:00:00.000000 UTC,PETROL,2030
2009-08-01 00:00:00.000000 UTC,PETROL,1945
2004-08-01 00:00:00.000000 UTC,DIESEL,1925
2001-11-01 00:00:00.000000 UTC,PETROL,1230
2009-02-01 00:00:00.000000 UTC,PETROL,1756
2004-10-01 00:00:00.000000 UTC,PETROL,1385
2005-11-01 00:00:00.000000 UTC,PETROL,1219
2007-01-01 00:00:00.000000 UTC,DIESEL,6004
2002-10-01 00:00:00.000000 UTC,DIESEL,1633
2004-06-01 00:00:00.000000 UTC,DIESEL,3379
2004-12-01 00:00:00.000000 UTC,DIESEL,879
2002-09-01 00:00:00.000000 UTC,DIESEL,2487
2001-10-01 00:00:00.000000 UTC,DIESEL,1411
2010-11-01 00:00:00.000000 UTC,DIESEL,1531
2010-08-01 00:00:00.000000 UTC,PETROL,1251
2010-12-01 00:00:00.000000 UTC,PETROL,568
2011-05-01 00:00:00.000000 UTC,PETROL,1354
2011-11-01 00:00:00.000000 UTC,PETROL,863
2011-08-01 00:00:00.000000 UTC,PETROL,1273
2014-07-01 00:00:00.000000 UTC,PETROL,1618
2011-05-01 00:00:00.000000 UTC,DIESEL,2732
2012-01-01 00:00:00.000000 UTC,DIESEL,4508
2012-10-01 00:00:00.000000 UTC,DIESEL,1665
2013-03-01 00:00:00.000000 UTC,DIESEL,4777
2012-02-01 00:00:00.000000 UTC,DIESEL,2851
2012-08-01 00:00:00.000000 UTC,PETROL,1309
2013-03-01 00:00:00.000000 UTC,PETROL,3117
2013-06-01 00:00:00.000000 UTC,DIESEL,3394
2013-05-01 00:00:00.000000 UTC,PETROL,1752
2013-09-01 00:00:00.000000 UTC,PETROL,2670
2013-04-01 00:00:00.000000 UTC,DIESEL,2852
2014-06-01 00:00:00.000000 UTC,PETROL,2466
2014-08-01 00:00:00.000000 UTC,PETROL,1411
2014-01-01 00:00:00.000000 UTC,PETROL,2926
2014-09-01 00:00:00.000000 UTC,PETROL,2848
2014-04-01 00:00:00.000000 UTC,HYBRID ELECTRIC,26
2014-12-01 00:00:00.000000 UTC,PETROL,728
2015-04-01 00:00:00.000000 UTC,DIESEL,2766
2015-08-01 00:00:00.000000 UTC,PETROL,1515
2015-12-01 00:00:00.000000 UTC,PETROL,693
2016-09-01 00:00:00.000000 UTC,DIESEL,3682
2016-01-01 00:00:00.000000 UTC,DIESEL,4400
2016-03-01 00:00:00.000000 UTC,PETROL,3624
2016-02-01 00:00:00.000000 UTC,PETROL,1925
2016-12-01 00:00:00.000000 UTC,DIESEL,1182
2017-09-01 00:00:00.000000 UTC,DIESEL,3103
2017-01-01 00:00:00.000000 UTC,DIESEL,4254
2017-12-01 00:00:00.000000 UTC,DIESEL,1065
2017-11-01 00:00:00.000000 UTC,PETROL,1524
2017-03-01 00:00:00.000000 UTC,HYBRID ELECTRIC,240
2017-10-01 00:00:00.000000 UTC,HYBRID ELECTRIC,127
2017-08-01 00:00:00.000000 UTC,HYBRID ELECTRIC,124
2018-10-01 00:00:00.000000 UTC,PETROL,2499
2018-05-01 00:00:00.000000 UTC,DIESEL,2332
2018-09-01 00:00:00.000000 UTC,HYBRID ELECTRIC,424
2018-08-01 00:00:00.000000 UTC,HYBRID ELECTRIC,248
2018-05-01 00:00:00.000000 UTC,PETROL,3180
2018-10-01 00:00:00.000000 UTC,HYBRID ELECTRIC,281
2018-01-01 00:00:00.000000 UTC,HYBRID ELECTRIC,250
2019-03-01 00:00:00.000000 UTC,DIESEL,3620
2019-12-01 00:00:00.000000 UTC,PETROL,1644
2019-06-01 00:00:00.000000 UTC,DIESEL,2387
2019-08-01 00:00:00.000000 UTC,DIESEL,1404
2019-08-01 00:00:00.000000 UTC,PETROL,2243
2019-01-01 00:00:00.000000 UTC,DIESEL,2964
2019-06-01 00:00:00.000000 UTC,PETROL,4047
2019-04-01 00:00:00.000000 UTC,HYBRID ELECTRIC,253
2019-03-01 00:00:00.000000 UTC,HYBRID ELECTRIC,500
2019-09-01 00:00:00.000000 UTC,ELECTRIC DIESEL,25
2021-09-01 00:00:00.000000 UTC,HYBRID ELECTRIC,721
2021-09-01 00:00:00.000000 UTC,PETROL,1873
2021-03-01 00:00:00.000000 UTC,PETROL,2620
2021-04-01 00:00:00.000000 UTC,PETROL,1961
2021-02-01 00:00:00.000000 UTC,ELECTRIC DIESEL,83
2021-07-01 00:00:00.000000 UTC,DIESEL,378
2021-06-01 00:00:00.000000 UTC,ELECTRICITY,272
2021-06-01 00:00:00.000000 UTC,HYBRID ELECTRIC,755
2021-01-01 00:00:00.000000 UTC,ELECTRICITY,145
2021-03-01 00:00:00.000000 UTC,ELECTRICITY,280
2021-05-01 00:00:00.000000 UTC,ELECTRICITY,199
2010-03-01 00:00:00.000000 UTC,OTHER,1
2008-12-01 00:00:00.000000 UTC,DIESEL,807
2004-02-01 00:00:00.000000 UTC,DIESEL,2580
2002-07-01 00:00:00.000000 UTC,DIESEL,2130
2002-11-01 00:00:00.000000 UTC,DIESEL,1203
2001-12-01 00:00:00.000000 UTC,DIESEL,440
2003-01-01 00:00:00.000000 UTC,PETROL,3236
2003-11-01 00:00:00.000000 UTC,PETROL,1148
2001-04-01 00:00:00.000000 UTC,PETROL,1692
2001-07-01 00:00:00.000000 UTC,PETROL,1837
2020-04-01 00:00:00.000000 UTC,PETROL,12
2014-04-01 00:00:00.000000 UTC,ELECTRICITY,5
2020-05-01 00:00:00.000000 UTC,ELECTRICITY,50
2019-04-01 00:00:00.000000 UTC,ELECTRICITY,39
2017-07-01 00:00:00.000000 UTC,ELECTRICITY,24
2001-05-01 00:00:00.000000 UTC,GAS BI-FUEL,8
2021-05-01 00:00:00.000000 UTC,ELECTRIC DIESEL,54
2021-03-01 00:00:00.000000 UTC,ELECTRIC DIESEL,154
2010-09-01 00:00:00.000000 UTC,HYBRID ELECTRIC,23
2007-09-01 00:00:00.000000 UTC,HYBRID ELECTRIC,21
2006-11-01 00:00:00.000000 UTC,HYBRID ELECTRIC,8
2016-03-01 00:00:00.000000 UTC,HYBRID ELECTRIC,132
2014-08-01 00:00:00.000000 UTC,HYBRID ELECTRIC,24
2008-10-01 00:00:00.000000 UTC,HYBRID ELECTRIC,7
2008-04-01 00:00:00.000000 UTC,HYBRID ELECTRIC,6
2013-12-01 00:00:00.000000 UTC,HYBRID ELECTRIC,16
2011-01-01 00:00:00.000000 UTC,HYBRID ELECTRIC,36
2015-11-01 00:00:00.000000 UTC,HYBRID ELECTRIC,29
2022-01-01 00:00:00.000000 UTC,ELECTRICITY,264
2021-10-01 00:00:00.000000 UTC,ELECTRICITY,227
2021-12-01 00:00:00.000000 UTC,GAS BI-FUEL,2
2022-01-01 00:00:00.000000 UTC,ELECTRIC DIESEL,74
2021-12-01 00:00:00.000000 UTC,ELECTRIC DIESEL,16
2013-06-01 00:00:00.000000 UTC,HYBRID ELECTRIC,45
2022-03-01 00:00:00.000000 UTC,DIESEL,562
2021-11-01 00:00:00.000000 UTC,ELECTRICITY,251
2022-10-01 00:00:00.000000 UTC,ELECTRICITY,291
2022-12-01 00:00:00.000000 UTC,HYBRID ELECTRIC,347
2017-07-01 00:00:00.000000 UTC,ELECTRIC DIESEL,1
2022-07-01 00:00:00.000000 UTC,PETROL,1338
2022-02-01 00:00:00.000000 UTC,DIESEL,345
2022-07-01 00:00:00.000000 UTC,DIESEL,275
2022-07-01 00:00:00.000000 UTC,ELECTRIC DIESEL,64
2022-10-01 00:00:00.000000 UTC,ELECTRIC DIESEL,50
2022-12-01 00:00:00.000000 UTC,DIESEL,125
2015-06-01 00:00:00.000000 UTC,HYBRID ELECTRIC,68
2022-08-01 00:00:00.000000 UTC,ELECTRIC DIESEL,51
2022-02-01 00:00:00.000000 UTC,PETROL,1203
2022-08-01 00:00:00.000000 UTC,GAS BI-FUEL,14
2015-10-01 00:00:00.000000 UTC,HYBRID ELECTRIC,54
2022-02-01 00:00:00.000000 UTC,GAS BI-FUEL,17
2015-10-01 00:00:00.000000 UTC,ELECTRICITY,25
2018-12-01 00:00:00.000000 UTC,ELECTRICITY,22
2015-03-01 00:00:00.000000 UTC,ELECTRIC DIESEL,3
2015-09-01 00:00:00.000000 UTC,ELECTRICITY,34
2016-11-01 00:00:00.000000 UTC,ELECTRIC DIESEL,3
2006-03-01 00:00:00.000000 UTC,HYBRID ELECTRIC,5
2012-09-01 00:00:00.000000 UTC,ELECTRICITY,2
2018-02-01 00:00:00.000000 UTC,ELECTRICITY,23
2012-06-01 00:00:00.000000 UTC,HYBRID ELECTRIC,26
2016-02-01 00:00:00.000000 UTC,ELECTRICITY,14
2017-04-01 00:00:00.000000 UTC,ELECTRIC DIESEL,2
2012-01-01 00:00:00.000000 UTC,HYBRID ELECTRIC,33
2022-12-01 00:00:00.000000 UTC,ELECTRIC DIESEL,40
2009-04-01 00:00:00.000000 UTC,HYBRID ELECTRIC,12
2008-05-01 00:00:00.000000 UTC,GAS BI-FUEL,2
2014-05-01 00:00:00.000000 UTC,ELECTRIC DIESEL,1
2022-01-01 00:00:00.000000 UTC,GAS BI-FUEL,29
2004-01-01 00:00:00.000000 UTC,GAS BI-FUEL,7
2010-05-01 00:00:00.000000 UTC,HYBRID ELECTRIC,17
2015-09-01 00:00:00.000000 UTC,ELECTRIC DIESEL,4
2015-08-01 00:00:00.000000 UTC,HYBRID ELECTRIC,45
2021-11-01 00:00:00.000000 UTC,GAS BI-FUEL,11
2001-03-01 00:00:00.000000 UTC,GAS BI-FUEL,10
2002-03-01 00:00:00.000000 UTC,GAS BI-FUEL,13
2003-01-01 00:00:00.000000 UTC,GAS BI-FUEL,9
2003-03-01 00:00:00.000000 UTC,GAS BI-FUEL,7
2004-06-01 00:00:00.000000 UTC,GAS BI-FUEL,6
2005-01-01 00:00:00.000000 UTC,GAS BI-FUEL,7
2005-07-01 00:00:00.000000 UTC,GAS BI-FUEL,4
2006-09-01 00:00:00.000000 UTC,GAS BI-FUEL,4
2006-02-01 00:00:00.000000 UTC,GAS BI-FUEL,1
2007-01-01 00:00:00.000000 UTC,GAS,1
2007-11-01 00:00:00.000000 UTC,GAS BI-FUEL,3
2007-07-01 00:00:00.000000 UTC,HYBRID ELECTRIC,8
2007-02-01 00:00:00.000000 UTC,GAS BI-FUEL,1
2008-08-01 00:00:00.000000 UTC,HYBRID ELECTRIC,11
2008-03-01 00:00:00.000000 UTC,HYBRID ELECTRIC,11
2008-12-01 00:00:00.000000 UTC,HYBRID ELECTRIC,2
2009-03-01 00:00:00.000000 UTC,GAS BI-FUEL,4
2009-05-01 00:00:00.000000 UTC,GAS,1
2014-02-01 00:00:00.000000 UTC,HYBRID ELECTRIC,47
2011-06-01 00:00:00.000000 UTC,HYBRID ELECTRIC,12
2011-12-01 00:00:00.000000 UTC,HYBRID ELECTRIC,11
2013-08-01 00:00:00.000000 UTC,HYBRID ELECTRIC,21
2013-04-01 00:00:00.000000 UTC,HYBRID ELECTRIC,12
2015-05-01 00:00:00.000000 UTC,HYBRID ELECTRIC,43
2020-12-01 00:00:00.000000 UTC,GAS BI-FUEL,2
2021-03-01 00:00:00.000000 UTC,GAS BI-FUEL,9
2021-04-01 00:00:00.000000 UTC,GAS BI-FUEL,7
2001-09-01 00:00:00.000000 UTC,GAS,2
2002-10-01 00:00:00.000000 UTC,GAS BI-FUEL,5
2002-10-01 00:00:00.000000 UTC,GAS,2
2009-08-01 00:00:00.000000 UTC,GAS BI-FUEL,1
2010-09-01 00:00:00.000000 UTC,GAS BI-FUEL,2
2007-08-01 00:00:00.000000 UTC,GAS BI-FUEL,3
2003-08-01 00:00:00.000000 UTC,GAS,1
2011-03-01 00:00:00.000000 UTC,GAS BI-FUEL,1
2005-05-01 00:00:00.000000 UTC,GAS BI-FUEL,8
2005-03-01 00:00:00.000000 UTC,GAS,1
2009-06-01 00:00:00.000000 UTC,GAS,1
2012-03-01 00:00:00.000000 UTC,ELECTRICITY,4
2014-01-01 00:00:00.000000 UTC,ELECTRICITY,6
2016-10-01 00:00:00.000000 UTC,ELECTRICITY,5
2002-06-01 00:00:00.000000 UTC,HYBRID ELECTRIC,1
2004-09-01 00:00:00.000000 UTC,HYBRID ELECTRIC,1
2005-01-01 00:00:00.000000 UTC,HYBRID ELECTRIC,3
2005-11-01 00:00:00.000000 UTC,HYBRID ELECTRIC,1
2012-01-01 00:00:00.000000 UTC,GAS BI-FUEL,1
2019-10-01 00:00:00.000000 UTC,ELECTRIC DIESEL,9
2014-08-01 00:00:00.000000 UTC,ELECTRIC DIESEL,4
2018-08-01 00:00:00.000000 UTC,GAS DIESEL,1
2018-04-01 00:00:00.000000 UTC,GAS DIESEL,1
2004-09-01 00:00:00.000000 UTC,GAS,1
2002-08-01 00:00:00.000000 UTC,OTHER,1
2009-03-01 00:00:00.000000 UTC,GAS,1
2011-04-01 00:00:00.000000 UTC,GAS BI-FUEL,1
2015-05-01 00:00:00.000000 UTC,ELECTRIC DIESEL,2
2013-06-01 00:00:00.000000 UTC,ELECTRIC DIESEL,2
2014-11-01 00:00:00.000000 UTC,ELECTRIC DIESEL,1
2016-04-01 00:00:00.000000 UTC,ELECTRIC DIESEL,1
2016-05-01 00:00:00.000000 UTC,ELECTRIC DIESEL,1
2003-05-01 00:00:00.000000 UTC,PETROL,2341
2009-01-01 00:00:00.000000 UTC,DIESEL,4212
2008-06-01 00:00:00.000000 UTC,DIESEL,3496
2008-05-01 00:00:00.000000 UTC,PETROL,2130
2007-09-01 00:00:00.000000 UTC,PETROL,3329
2008-01-01 00:00:00.000000 UTC,DIESEL,6060
2009-03-01 00:00:00.000000 UTC,DIESEL,4685
2007-10-01 00:00:00.000000 UTC,DIESEL,1854
2008-10-01 00:00:00.000000 UTC,DIESEL,1317
2004-03-01 00:00:00.000000 UTC,DIESEL,4899
2004-05-01 00:00:00.000000 UTC,DIESEL,2613
2002-04-01 00:00:00.000000 UTC,PETROL,1998
2004-06-01 00:00:00.000000 UTC,PETROL,2779
2020-08-01 00:00:00.000000 UTC,ELECTRIC DIESEL,77
2020-09-01 00:00:00.000000 UTC,ELECTRIC DIESEL,98
2020-10-01 00:00:00.000000 UTC,PETROL,1885
2020-10-01 00:00:00.000000 UTC,DIESEL,821
2020-02-01 00:00:00.000000 UTC,PETROL,2470
2003-07-01 00:00:00.000000 UTC,PETROL,1855
2009-06-01 00:00:00.000000 UTC,DIESEL,2932
2009-09-01 00:00:00.000000 UTC,PETROL,3023
2006-04-01 00:00:00.000000 UTC,PETROL,1986
2002-10-01 00:00:00.000000 UTC,PETROL,1547
2009-07-01 00:00:00.000000 UTC,PETROL,2114
2006-06-01 00:00:00.000000 UTC,PETROL,2712
2001-10-01 00:00:00.000000 UTC,PETROL,1423
2005-04-01 00:00:00.000000 UTC,DIESEL,2868
2005-03-01 00:00:00.000000 UTC,PETROL,3702
2006-08-01 00:00:00.000000 UTC,PETROL,1864
2007-12-01 00:00:00.000000 UTC,DIESEL,995
2005-02-01 00:00:00.000000 UTC,PETROL,2295
2001-03-01 00:00:00.000000 UTC,DIESEL,2402
2007-01-01 00:00:00.000000 UTC,PETROL,3959
2007-06-01 00:00:00.000000 UTC,DIESEL,3844
2005-06-01 00:00:00.000000 UTC,PETROL,2703
2009-05-01 00:00:00.000000 UTC,DIESEL,2482
2001-05-01 00:00:00.000000 UTC,DIESEL,1775
2008-08-01 00:00:00.000000 UTC,PETROL,1422
2007-12-01 00:00:00.000000 UTC,PETROL,692
2004-10-01 00:00:00.000000 UTC,DIESEL,1744
2005-12-01 00:00:00.000000 UTC,DIESEL,1414
2005-08-01 00:00:00.000000 UTC,DIESEL,2242
2020-12-01 00:00:00.000000 UTC,DIESEL,332
2010-12-01 00:00:00.000000 UTC,DIESEL,1021
2010-04-01 00:00:00.000000 UTC,PETROL,1815
2010-06-01 00:00:00.000000 UTC,DIESEL,3598
2010-08-01 00:00:00.000000 UTC,DIESEL,1893
2010-07-01 00:00:00.000000 UTC,DIESEL,2694
2010-09-01 00:00:00.000000 UTC,PETROL,2497
2010-04-01 00:00:00.000000 UTC,DIESEL,2657
2010-07-01 00:00:00.000000 UTC,PETROL,1486
2011-11-01 00:00:00.000000 UTC,DIESEL,1355
2011-10-01 00:00:00.000000 UTC,DIESEL,1665
2011-01-01 00:00:00.000000 UTC,PETROL,2866
2011-02-01 00:00:00.000000 UTC,PETROL,1801
2011-09-01 00:00:00.000000 UTC,PETROL,2294
2012-03-01 00:00:00.000000 UTC,DIESEL,4924
2012-06-01 00:00:00.000000 UTC,DIESEL,3297
2012-11-01 00:00:00.000000 UTC,PETROL,989
2012-01-01 00:00:00.000000 UTC,PETROL,2674
2013-05-01 00:00:00.000000 UTC,DIESEL,2884
2013-11-01 00:00:00.000000 UTC,PETROL,1118
2013-10-01 00:00:00.000000 UTC,DIESEL,1947
2013-07-01 00:00:00.000000 UTC,DIESEL,2568
2013-01-01 00:00:00.000000 UTC,PETROL,2794
2013-12-01 00:00:00.000000 UTC,PETROL,674
2013-07-01 00:00:00.000000 UTC,PETROL,1487
2014-04-01 00:00:00.000000 UTC,DIESEL,2943
2014-03-01 00:00:00.000000 UTC,DIESEL,5109
2014-10-01 00:00:00.000000 UTC,DIESEL,2028
2014-02-01 00:00:00.000000 UTC,PETROL,1857
2014-02-01 00:00:00.000000 UTC,DIESEL,2519
2014-11-01 00:00:00.000000 UTC,PETROL,1162
2014-05-01 00:00:00.000000 UTC,PETROL,1874
2014-03-01 00:00:00.000000 UTC,PETROL,3516
2014-04-01 00:00:00.000000 UTC,PETROL,1600
2015-12-01 00:00:00.000000 UTC,DIESEL,1219
2015-09-01 00:00:00.000000 UTC,DIESEL,3572
2015-06-01 00:00:00.000000 UTC,DIESEL,3620
2015-01-01 00:00:00.000000 UTC,DIESEL,4459
2016-05-01 00:00:00.000000 UTC,PETROL,1916
2016-08-01 00:00:00.000000 UTC,DIESEL,2067
2016-05-01 00:00:00.000000 UTC,DIESEL,2920
2016-03-01 00:00:00.000000 UTC,DIESEL,5483
2016-08-01 00:00:00.000000 UTC,PETROL,1473
2016-04-01 00:00:00.000000 UTC,DIESEL,2672
2016-12-01 00:00:00.000000 UTC,PETROL,721
2016-07-01 00:00:00.000000 UTC,PETROL,1625
2016-08-01 00:00:00.000000 UTC,HYBRID ELECTRIC,63
2017-08-01 00:00:00.000000 UTC,PETROL,1552
2017-02-01 00:00:00.000000 UTC,DIESEL,2487
2017-05-01 00:00:00.000000 UTC,PETROL,1759
2017-11-01 00:00:00.000000 UTC,DIESEL,1400
2017-07-01 00:00:00.000000 UTC,DIESEL,2115
2017-01-01 00:00:00.000000 UTC,PETROL,2796
2017-02-01 00:00:00.000000 UTC,HYBRID ELECTRIC,97
2017-04-01 00:00:00.000000 UTC,PETROL,1342
2018-07-01 00:00:00.000000 UTC,DIESEL,2241
2018-01-01 00:00:00.000000 UTC,DIESEL,3471
2018-06-01 00:00:00.000000 UTC,DIESEL,2993
2018-06-01 00:00:00.000000 UTC,PETROL,3942
2018-01-01 00:00:00.000000 UTC,PETROL,3508
2018-06-01 00:00:00.000000 UTC,HYBRID ELECTRIC,314
2018-07-01 00:00:00.000000 UTC,ELECTRICITY,20
2018-09-01 00:00:00.000000 UTC,ELECTRICITY,42
2018-02-01 00:00:00.000000 UTC,HYBRID ELECTRIC,127
2019-09-01 00:00:00.000000 UTC,PETROL,3871
2019-02-01 00:00:00.000000 UTC,DIESEL,1815
2019-01-01 00:00:00.000000 UTC,PETROL,4153
2019-05-01 00:00:00.000000 UTC,PETROL,3150
2019-10-01 00:00:00.000000 UTC,DIESEL,1322
2019-11-01 00:00:00.000000 UTC,HYBRID ELECTRIC,263
2019-06-01 00:00:00.000000 UTC,HYBRID ELECTRIC,321
2021-08-01 00:00:00.000000 UTC,HYBRID ELECTRIC,651
2021-08-01 00:00:00.000000 UTC,ELECTRICITY,159
2021-08-01 00:00:00.000000 UTC,PETROL,1375
2021-01-01 00:00:00.000000 UTC,ELECTRIC DIESEL,80
2021-08-01 00:00:00.000000 UTC,ELECTRIC DIESEL,36
2021-07-01 00:00:00.000000 UTC,HYBRID ELECTRIC,787
2021-05-01 00:00:00.000000 UTC,PETROL,2090
2021-02-01 00:00:00.000000 UTC,PETROL,1564
2021-03-01 00:00:00.000000 UTC,DIESEL,1105
2021-09-01 00:00:00.000000 UTC,GAS BI-FUEL,12
2021-05-01 00:00:00.000000 UTC,DIESEL,721
2006-08-01 00:00:00.000000 UTC,DIESEL,2255
2002-03-01 00:00:00.000000 UTC,PETROL,2997
2012-02-01 00:00:00.000000 UTC,PETROL,1634
2020-10-01 00:00:00.000000 UTC,ELECTRICITY,139
2021-07-01 00:00:00.000000 UTC,ELECTRICITY,140
2015-03-01 00:00:00.000000 UTC,ELECTRICITY,53
2018-03-01 00:00:00.000000 UTC,ELECTRICITY,45
2020-01-01 00:00:00.000000 UTC,ELECTRICITY,112
2002-08-01 00:00:00.000000 UTC,GAS BI-FUEL,3
2012-03-01 00:00:00.000000 UTC,ELECTRIC DIESEL,4
2012-10-01 00:00:00.000000 UTC,ELECTRIC DIESEL,4
2012-04-01 00:00:00.000000 UTC,ELECTRIC DIESEL,1
2021-06-01 00:00:00.000000 UTC,ELECTRIC DIESEL,87
2007-03-01 00:00:00.000000 UTC,HYBRID ELECTRIC,14
2011-05-01 00:00:00.000000 UTC,HYBRID ELECTRIC,18
2016-06-01 00:00:00.000000 UTC,HYBRID ELECTRIC,101
2013-05-01 00:00:00.000000 UTC,HYBRID ELECTRIC,20
2013-09-01 00:00:00.000000 UTC,HYBRID ELECTRIC,46
2014-10-01 00:00:00.000000 UTC,HYBRID ELECTRIC,35
2011-03-01 00:00:00.000000 UTC,HYBRID ELECTRIC,37
2017-05-01 00:00:00.000000 UTC,HYBRID ELECTRIC,104
2012-12-01 00:00:00.000000 UTC,HYBRID ELECTRIC,6
2010-10-01 00:00:00.000000 UTC,HYBRID ELECTRIC,8
2010-06-01 00:00:00.000000 UTC,HYBRID ELECTRIC,30
2010-12-01 00:00:00.000000 UTC,HYBRID ELECTRIC,2
2014-01-01 00:00:00.000000 UTC,HYBRID ELECTRIC,54
2016-05-01 00:00:00.000000 UTC,HYBRID ELECTRIC,56
2016-04-01 00:00:00.000000 UTC,HYBRID ELECTRIC,71
2019-09-01 00:00:00.000000 UTC,HYBRID ELECTRIC,423
2019-08-01 00:00:00.000000 UTC,HYBRID ELECTRIC,236
2021-07-01 00:00:00.000000 UTC,ELECTRIC DIESEL,29
2017-08-01 00:00:00.000000 UTC,ELECTRIC DIESEL,2
2021-12-01 00:00:00.000000 UTC,ELECTRICITY,318
2022-01-01 00:00:00.000000 UTC,PETROL,2044
2014-06-01 00:00:00.000000 UTC,HYBRID ELECTRIC,38
2013-03-01 00:00:00.000000 UTC,HYBRID ELECTRIC,39
2022-06-01 00:00:00.000000 UTC,ELECTRICITY,298
2022-05-01 00:00:00.000000 UTC,ELECTRICITY,277
2022-07-01 00:00:00.000000 UTC,HYBRID ELECTRIC,598
2022-06-01 00:00:00.000000 UTC,HYBRID ELECTRIC,744
2022-12-01 00:00:00.000000 UTC,PETROL,752
2022-04-01 00:00:00.000000 UTC,PETROL,1522
2021-10-01 00:00:00.000000 UTC,DIESEL,396
2022-09-01 00:00:00.000000 UTC,PETROL,1741
2021-11-01 00:00:00.000000 UTC,PETROL,1335
2022-08-01 00:00:00.000000 UTC,PETROL,1380
2022-04-01 00:00:00.000000 UTC,DIESEL,414
2022-06-01 00:00:00.000000 UTC,DIESEL,432
2014-09-01 00:00:00.000000 UTC,HYBRID ELECTRIC,67
2022-06-01 00:00:00.000000 UTC,PETROL,1717
2022-09-01 00:00:00.000000 UTC,DIESEL,395
2022-08-01 00:00:00.000000 UTC,DIESEL,348
2019-08-01 00:00:00.000000 UTC,ELECTRICITY,61
2007-01-01 00:00:00.000000 UTC,HYBRID ELECTRIC,12
2009-12-01 00:00:00.000000 UTC,HYBRID ELECTRIC,8
2022-02-01 00:00:00.000000 UTC,ELECTRIC DIESEL,46
2013-03-01 00:00:00.000000 UTC,ELECTRICITY,5
2021-10-01 00:00:00.000000 UTC,GAS BI-FUEL,7
2014-07-01 00:00:00.000000 UTC,HYBRID ELECTRIC,36
2016-01-01 00:00:00.000000 UTC,ELECTRIC DIESEL,2
2022-05-01 00:00:00.000000 UTC,ELECTRIC DIESEL,55
2015-11-01 00:00:00.000000 UTC,ELECTRICITY,17
2012-05-01 00:00:00.000000 UTC,HYBRID ELECTRIC,28
2017-04-01 00:00:00.000000 UTC,ELECTRICITY,16
2018-05-01 00:00:00.000000 UTC,ELECTRICITY,14
2014-12-01 00:00:00.000000 UTC,HYBRID ELECTRIC,21
2011-02-01 00:00:00.000000 UTC,HYBRID ELECTRIC,12
2014-10-01 00:00:00.000000 UTC,ELECTRICITY,10
2006-09-01 00:00:00.000000 UTC,HYBRID ELECTRIC,10
2005-10-01 00:00:00.000000 UTC,HYBRID ELECTRIC,3
2012-07-01 00:00:00.000000 UTC,HYBRID ELECTRIC,25
2014-03-01 00:00:00.000000 UTC,HYBRID ELECTRIC,66
2022-06-01 00:00:00.000000 UTC,GAS BI-FUEL,12
2016-01-01 00:00:00.000000 UTC,ELECTRICITY,20
2017-09-01 00:00:00.000000 UTC,ELECTRIC DIESEL,2
2016-11-01 00:00:00.000000 UTC,ELECTRICITY,8
2016-08-01 00:00:00.000000 UTC,ELECTRICITY,11
2003-08-01 00:00:00.000000 UTC,GAS BI-FUEL,3
2019-05-01 00:00:00.000000 UTC,ELECTRIC DIESEL,3
2001-07-01 00:00:00.000000 UTC,GAS BI-FUEL,6
2002-03-01 00:00:00.000000 UTC,GAS,1
2002-11-01 00:00:00.000000 UTC,GAS BI-FUEL,1
2004-03-01 00:00:00.000000 UTC,GAS,3
2006-04-01 00:00:00.000000 UTC,HYBRID ELECTRIC,4
2006-11-01 00:00:00.000000 UTC,GAS BI-FUEL,4
2006-05-01 00:00:00.000000 UTC,HYBRID ELECTRIC,3
2006-12-01 00:00:00.000000 UTC,HYBRID ELECTRIC,1
2006-11-01 00:00:00.000000 UTC,GAS,1
2007-05-01 00:00:00.000000 UTC,OTHER,2
2007-11-01 00:00:00.000000 UTC,HYBRID ELECTRIC,5
2008-03-01 00:00:00.000000 UTC,GAS BI-FUEL,4
2008-05-01 00:00:00.000000 UTC,HYBRID ELECTRIC,8
2008-07-01 00:00:00.000000 UTC,HYBRID ELECTRIC,8
2009-07-01 00:00:00.000000 UTC,GAS BI-FUEL,4
2009-05-01 00:00:00.000000 UTC,HYBRID ELECTRIC,9
2009-01-01 00:00:00.000000 UTC,HYBRID ELECTRIC,12
2009-03-01 00:00:00.000000 UTC,HYBRID ELECTRIC,21
2009-05-01 00:00:00.000000 UTC,GAS BI-FUEL,3
2010-03-01 00:00:00.000000 UTC,GAS BI-FUEL,2
2010-01-01 00:00:00.000000 UTC,GAS BI-FUEL,2
2012-02-01 00:00:00.000000 UTC,HYBRID ELECTRIC,16
2013-01-01 00:00:00.000000 UTC,HYBRID ELECTRIC,40
2014-06-01 00:00:00.000000 UTC,ELECTRICITY,12
2020-11-01 00:00:00.000000 UTC,GAS BI-FUEL,5
2020-09-01 00:00:00.000000 UTC,GAS BI-FUEL,14
2021-01-01 00:00:00.000000 UTC,GAS BI-FUEL,6
2002-04-01 00:00:00.000000 UTC,GAS BI-FUEL,3
2004-08-01 00:00:00.000000 UTC,GAS,1
2003-12-01 00:00:00.000000 UTC,GAS BI-FUEL,1
2018-03-01 00:00:00.000000 UTC,ELECTRIC DIESEL,2
2003-06-01 00:00:00.000000 UTC,GAS,2
2003-05-01 00:00:00.000000 UTC,GAS BI-FUEL,4
2006-01-01 00:00:00.000000 UTC,GAS,2
2001-04-01 00:00:00.000000 UTC,GAS BI-FUEL,5
2004-04-01 00:00:00.000000 UTC,GAS,1
2008-02-01 00:00:00.000000 UTC,HYBRID ELECTRIC,7
2009-10-01 00:00:00.000000 UTC,GAS BI-FUEL,1
2004-04-01 00:00:00.000000 UTC,GAS BI-FUEL,4
2007-06-01 00:00:00.000000 UTC,GAS BI-FUEL,3
2014-03-01 00:00:00.000000 UTC,ELECTRIC DIESEL,4
2005-09-01 00:00:00.000000 UTC,GAS BI-FUEL,1
2009-11-01 00:00:00.000000 UTC,GAS,1
2012-12-01 00:00:00.000000 UTC,ELECTRICITY,2
2013-09-01 00:00:00.000000 UTC,ELECTRICITY,8
2014-03-01 00:00:00.000000 UTC,ELECTRICITY,12
2015-02-01 00:00:00.000000 UTC,ELECTRICITY,14
2002-05-01 00:00:00.000000 UTC,HYBRID ELECTRIC,1
2004-06-01 00:00:00.000000 UTC,HYBRID ELECTRIC,1
2004-07-01 00:00:00.000000 UTC,HYBRID ELECTRIC,1
2005-04-01 00:00:00.000000 UTC,HYBRID ELECTRIC,3
2005-05-01 00:00:00.000000 UTC,HYBRID ELECTRIC,2
2005-03-01 00:00:00.000000 UTC,HYBRID ELECTRIC,1
2010-05-01 00:00:00.000000 UTC,GAS BI-FUEL,1
2013-08-01 00:00:00.000000 UTC,GAS BI-FUEL,1
2007-08-01 00:00:00.000000 UTC,GAS,1
2013-08-01 00:00:00.000000 UTC,ELECTRIC DIESEL,2
2013-01-01 00:00:00.000000 UTC,ELECTRIC DIESEL,11
2006-03-01 00:00:00.000000 UTC,GAS,2
2019-07-01 00:00:00.000000 UTC,ELECTRIC DIESEL,2
2013-09-01 00:00:00.000000 UTC,ELECTRIC DIESEL,5
2014-02-01 00:00:00.000000 UTC,ELECTRIC DIESEL,6
2002-02-01 00:00:00.000000 UTC,GAS,1
2013-11-01 00:00:00.000000 UTC,GAS BI-FUEL,1
2013-02-01 00:00:00.000000 UTC,ELECTRIC DIESEL,2
2018-04-01 00:00:00.000000 UTC,ELECTRIC DIESEL,1
2020-12-01 00:00:00.000000 UTC,ELECTRICITY,252
2003-09-01 00:00:00.000000 UTC,PETROL,2743
2006-03-01 00:00:00.000000 UTC,DIESEL,5595
2006-06-01 00:00:00.000000 UTC,DIESEL,4088
2008-12-01 00:00:00.000000 UTC,PETROL,589
2007-09-01 00:00:00.000000 UTC,DIESEL,3814
2005-11-01 00:00:00.000000 UTC,DIESEL,1729
2008-03-01 00:00:00.000000 UTC,PETROL,3880
2009-05-01 00:00:00.000000 UTC,PETROL,1617
2005-12-01 00:00:00.000000 UTC,PETROL,720
2002-09-01 00:00:00.000000 UTC,PETROL,2469
2006-09-01 00:00:00.000000 UTC,DIESEL,3797
2005-01-01 00:00:00.000000 UTC,DIESEL,4728
2013-08-01 00:00:00.000000 UTC,DIESEL,2066
2009-10-01 00:00:00.000000 UTC,DIESEL,1863
2007-07-01 00:00:00.000000 UTC,PETROL,2254
2020-03-01 00:00:00.000000 UTC,PETROL,2286
2020-09-01 00:00:00.000000 UTC,DIESEL,1204
2001-06-01 00:00:00.000000 UTC,DIESEL,1964
2002-05-01 00:00:00.000000 UTC,DIESEL,2296
2009-02-01 00:00:00.000000 UTC,DIESEL,2618
2008-08-01 00:00:00.000000 UTC,DIESEL,1843
2020-08-01 00:00:00.000000 UTC,DIESEL,1127
2007-04-01 00:00:00.000000 UTC,PETROL,2317
2006-09-01 00:00:00.000000 UTC,PETROL,2821
2003-06-01 00:00:00.000000 UTC,PETROL,2401
2004-02-01 00:00:00.000000 UTC,PETROL,2497
2008-06-01 00:00:00.000000 UTC,PETROL,2517
2007-10-01 00:00:00.000000 UTC,PETROL,1516
2008-04-01 00:00:00.000000 UTC,PETROL,2079
2005-09-01 00:00:00.000000 UTC,PETROL,2786
2008-05-01 00:00:00.000000 UTC,DIESEL,3132
2003-10-01 00:00:00.000000 UTC,DIESEL,1676
2007-02-01 00:00:00.000000 UTC,DIESEL,3326
2020-03-01 00:00:00.000000 UTC,ELECTRIC DIESEL,65
2002-07-01 00:00:00.000000 UTC,PETROL,1769
2001-04-01 00:00:00.000000 UTC,DIESEL,1556
2004-11-01 00:00:00.000000 UTC,DIESEL,1417
2008-11-01 00:00:00.000000 UTC,PETROL,704
2002-02-01 00:00:00.000000 UTC,PETROL,2146
2020-09-01 00:00:00.000000 UTC,ELECTRICITY,260
2010-09-01 00:00:00.000000 UTC,DIESEL,3143
2010-01-01 00:00:00.000000 UTC,PETROL,4184
2010-03-01 00:00:00.000000 UTC,DIESEL,4998
2010-03-01 00:00:00.000000 UTC,PETROL,3525
2010-10-01 00:00:00.000000 UTC,PETROL,956
2010-05-01 00:00:00.000000 UTC,OTHER,1
2010-10-01 00:00:00.000000 UTC,DIESEL,1684
2011-03-01 00:00:00.000000 UTC,PETROL,3036
2011-12-01 00:00:00.000000 UTC,DIESEL,931
2011-04-01 00:00:00.000000 UTC,DIESEL,2708
2011-07-01 00:00:00.000000 UTC,DIESEL,2234
2011-12-01 00:00:00.000000 UTC,PETROL,543
2011-07-01 00:00:00.000000 UTC,PETROL,1423
2011-10-01 00:00:00.000000 UTC,HYBRID ELECTRIC,8
2012-05-01 00:00:00.000000 UTC,DIESEL,2755
2012-09-01 00:00:00.000000 UTC,PETROL,2316
2012-05-01 00:00:00.000000 UTC,PETROL,1493
2013-04-01 00:00:00.000000 UTC,PETROL,1620
2013-02-01 00:00:00.000000 UTC,PETROL,1784
2014-06-01 00:00:00.000000 UTC,DIESEL,3493
2014-05-01 00:00:00.000000 UTC,DIESEL,3207
2015-08-01 00:00:00.000000 UTC,DIESEL,1952
2015-09-01 00:00:00.000000 UTC,PETROL,3146
2015-02-01 00:00:00.000000 UTC,PETROL,1884
2016-10-01 00:00:00.000000 UTC,PETROL,1343
2016-02-01 00:00:00.000000 UTC,DIESEL,2822
2016-06-01 00:00:00.000000 UTC,DIESEL,3470
2016-01-01 00:00:00.000000 UTC,PETROL,2725
2016-07-01 00:00:00.000000 UTC,DIESEL,2440
2016-09-01 00:00:00.000000 UTC,HYBRID ELECTRIC,128
2017-06-01 00:00:00.000000 UTC,DIESEL,3275
2017-05-01 00:00:00.000000 UTC,DIESEL,2178
2017-11-01 00:00:00.000000 UTC,HYBRID ELECTRIC,140
2017-03-01 00:00:00.000000 UTC,PETROL,4159
2017-09-01 00:00:00.000000 UTC,HYBRID ELECTRIC,210
2017-10-01 00:00:00.000000 UTC,PETROL,1547
2018-08-01 00:00:00.000000 UTC,DIESEL,1660
2018-09-01 00:00:00.000000 UTC,PETROL,3988
2018-10-01 00:00:00.000000 UTC,DIESEL,1836
2018-11-01 00:00:00.000000 UTC,DIESEL,1682
2018-12-01 00:00:00.000000 UTC,DIESEL,999
2018-07-01 00:00:00.000000 UTC,PETROL,2688
2018-12-01 00:00:00.000000 UTC,PETROL,1389
2018-07-01 00:00:00.000000 UTC,HYBRID ELECTRIC,223
2018-05-01 00:00:00.000000 UTC,HYBRID ELECTRIC,206
2019-03-01 00:00:00.000000 UTC,PETROL,5655
2019-04-01 00:00:00.000000 UTC,PETROL,2839
2019-10-01 00:00:00.000000 UTC,PETROL,2240
2019-12-01 00:00:00.000000 UTC,DIESEL,887
2019-09-01 00:00:00.000000 UTC,DIESEL,2342
2019-10-01 00:00:00.000000 UTC,HYBRID ELECTRIC,296
2019-12-01 00:00:00.000000 UTC,HYBRID ELECTRIC,175
2019-07-01 00:00:00.000000 UTC,HYBRID ELECTRIC,279
2021-09-01 00:00:00.000000 UTC,ELECTRICITY,337
2021-02-01 00:00:00.000000 UTC,DIESEL,514
2021-04-01 00:00:00.000000 UTC,ELECTRIC DIESEL,51
2002-08-01 00:00:00.000000 UTC,DIESEL,1630
2004-07-01 00:00:00.000000 UTC,DIESEL,2512
2003-12-01 00:00:00.000000 UTC,PETROL,658
2020-05-01 00:00:00.000000 UTC,PETROL,143
2019-05-01 00:00:00.000000 UTC,ELECTRICITY,33
2016-09-01 00:00:00.000000 UTC,ELECTRICITY,27
2019-07-01 00:00:00.000000 UTC,ELECTRICITY,46
2019-01-01 00:00:00.000000 UTC,ELECTRICITY,39
2019-06-01 00:00:00.000000 UTC,ELECTRICITY,62
2002-05-01 00:00:00.000000 UTC,GAS BI-FUEL,9
2012-09-01 00:00:00.000000 UTC,ELECTRIC DIESEL,1
2015-04-01 00:00:00.000000 UTC,ELECTRIC DIESEL,4
2016-09-01 00:00:00.000000 UTC,ELECTRIC DIESEL,4
2017-06-01 00:00:00.000000 UTC,HYBRID ELECTRIC,163
2016-10-01 00:00:00.000000 UTC,HYBRID ELECTRIC,78
2009-10-01 00:00:00.000000 UTC,HYBRID ELECTRIC,13
2015-01-01 00:00:00.000000 UTC,HYBRID ELECTRIC,72
2016-02-01 00:00:00.000000 UTC,HYBRID ELECTRIC,75
2012-03-01 00:00:00.000000 UTC,HYBRID ELECTRIC,35
2021-02-01 00:00:00.000000 UTC,HYBRID ELECTRIC,409
2020-02-01 00:00:00.000000 UTC,HYBRID ELECTRIC,367
2020-05-01 00:00:00.000000 UTC,HYBRID ELECTRIC,11
2020-12-01 00:00:00.000000 UTC,HYBRID ELECTRIC,235
2009-08-01 00:00:00.000000 UTC,HYBRID ELECTRIC,23
2021-12-01 00:00:00.000000 UTC,PETROL,559
2019-02-01 00:00:00.000000 UTC,ELECTRICITY,29
2022-07-01 00:00:00.000000 UTC,ELECTRICITY,217
2022-09-01 00:00:00.000000 UTC,ELECTRICITY,465
2022-03-01 00:00:00.000000 UTC,ELECTRICITY,440
2016-03-01 00:00:00.000000 UTC,ELECTRICITY,32
2022-05-01 00:00:00.000000 UTC,HYBRID ELECTRIC,754
2022-02-01 00:00:00.000000 UTC,HYBRID ELECTRIC,678
2022-10-01 00:00:00.000000 UTC,DIESEL,286
2021-11-01 00:00:00.000000 UTC,DIESEL,291
2017-11-01 00:00:00.000000 UTC,ELECTRICITY,13
2022-04-01 00:00:00.000000 UTC,ELECTRIC DIESEL,44
2013-07-01 00:00:00.000000 UTC,ELECTRIC DIESEL,1
2012-04-01 00:00:00.000000 UTC,HYBRID ELECTRIC,15
2021-10-01 00:00:00.000000 UTC,ELECTRIC DIESEL,36
2022-11-01 00:00:00.000000 UTC,ELECTRICITY,353
2022-02-01 00:00:00.000000 UTC,ELECTRICITY,215
2019-10-01 00:00:00.000000 UTC,ELECTRICITY,42
2005-08-01 00:00:00.000000 UTC,HYBRID ELECTRIC,4
2013-10-01 00:00:00.000000 UTC,HYBRID ELECTRIC,29
2009-06-01 00:00:00.000000 UTC,HYBRID ELECTRIC,9
2007-10-01 00:00:00.000000 UTC,HYBRID ELECTRIC,4
2017-02-01 00:00:00.000000 UTC,ELECTRIC DIESEL,1
2017-05-01 00:00:00.000000 UTC,ELECTRICITY,11
2015-12-01 00:00:00.000000 UTC,ELECTRIC DIESEL,3
2014-08-01 00:00:00.000000 UTC,ELECTRICITY,7
2010-04-01 00:00:00.000000 UTC,HYBRID ELECTRIC,17
2019-03-01 00:00:00.000000 UTC,ELECTRIC DIESEL,3
2022-03-01 00:00:00.000000 UTC,GAS BI-FUEL,11
2019-06-01 00:00:00.000000 UTC,ELECTRIC DIESEL,1
2001-01-01 00:00:00.000000 UTC,PETROL,18
2002-06-01 00:00:00.000000 UTC,GAS BI-FUEL,4
2003-06-01 00:00:00.000000 UTC,GAS BI-FUEL,9
2003-04-01 00:00:00.000000 UTC,GAS BI-FUEL,1
2004-02-01 00:00:00.000000 UTC,GAS BI-FUEL,5
2004-09-01 00:00:00.000000 UTC,GAS BI-FUEL,6
2004-12-01 00:00:00.000000 UTC,GAS,3
2004-12-01 00:00:00.000000 UTC,GAS BI-FUEL,2
2005-06-01 00:00:00.000000 UTC,HYBRID ELECTRIC,3
2005-04-01 00:00:00.000000 UTC,GAS BI-FUEL,4
2005-11-01 00:00:00.000000 UTC,GAS BI-FUEL,3
2005-08-01 00:00:00.000000 UTC,GAS BI-FUEL,3
2005-11-01 00:00:00.000000 UTC,GAS,1
2006-07-01 00:00:00.000000 UTC,GAS BI-FUEL,4
2007-08-01 00:00:00.000000 UTC,HYBRID ELECTRIC,5
2007-02-01 00:00:00.000000 UTC,GAS,1
2007-04-01 00:00:00.000000 UTC,GAS BI-FUEL,1
2008-04-01 00:00:00.000000 UTC,GAS BI-FUEL,1
2009-02-01 00:00:00.000000 UTC,HYBRID ELECTRIC,3
2009-01-01 00:00:00.000000 UTC,GAS BI-FUEL,4
2010-01-01 00:00:00.000000 UTC,HYBRID ELECTRIC,56
2011-09-01 00:00:00.000000 UTC,GAS BI-FUEL,1
2012-08-01 00:00:00.000000 UTC,HYBRID ELECTRIC,10
2012-10-01 00:00:00.000000 UTC,GAS BI-FUEL,1
2013-02-01 00:00:00.000000 UTC,HYBRID ELECTRIC,14
2001-05-01 00:00:00.000000 UTC,GAS,2
2002-02-01 00:00:00.000000 UTC,GAS BI-FUEL,5
2006-01-01 00:00:00.000000 UTC,GAS BI-FUEL,4
2020-05-01 00:00:00.000000 UTC,ELECTRIC DIESEL,4
2008-11-01 00:00:00.000000 UTC,GAS BI-FUEL,1
2009-04-01 00:00:00.000000 UTC,GAS BI-FUEL,2
2002-09-01 00:00:00.000000 UTC,GAS BI-FUEL,2
2008-09-01 00:00:00.000000 UTC,GAS BI-FUEL,1
2012-06-01 00:00:00.000000 UTC,ELECTRICITY,5
2012-07-01 00:00:00.000000 UTC,ELECTRICITY,3
2012-01-01 00:00:00.000000 UTC,GAS,1
2013-07-01 00:00:00.000000 UTC,ELECTRICITY,6
2013-01-01 00:00:00.000000 UTC,ELECTRICITY,1
2014-02-01 00:00:00.000000 UTC,ELECTRICITY,4
2007-12-01 00:00:00.000000 UTC,HYBRID ELECTRIC,1
2003-05-01 00:00:00.000000 UTC,GAS,2
2018-06-01 00:00:00.000000 UTC,GAS DIESEL,1
2001-04-01 00:00:00.000000 UTC,GAS,1
2003-07-01 00:00:00.000000 UTC,GAS DIESEL,1
2008-05-01 00:00:00.000000 UTC,GAS,1
2010-08-01 00:00:00.000000 UTC,GAS BI-FUEL,1
2013-05-01 00:00:00.000000 UTC,GAS BI-FUEL,1
2014-04-01 00:00:00.000000 UTC,ELECTRIC DIESEL,2
2015-10-01 00:00:00.000000 UTC,ELECTRIC DIESEL,3
2015-07-01 00:00:00.000000 UTC,ELECTRIC DIESEL,1
2017-11-01 00:00:00.000000 UTC,ELECTRIC DIESEL,1
2019-01-01 00:00:00.000000 UTC,ELECTRIC DIESEL,2
2019-04-01 00:00:00.000000 UTC,ELECTRIC DIESEL,1
2020-09-01 00:00:00.000000 UTC,PETROL,3049
2006-02-01 00:00:00.000000 UTC,DIESEL,3003
2007-05-01 00:00:00.000000 UTC,DIESEL,3285
2004-03-01 00:00:00.000000 UTC,PETROL,3504
2007-03-01 00:00:00.000000 UTC,DIESEL,5738
2006-11-01 00:00:00.000000 UTC,PETROL,1203
2003-10-01 00:00:00.000000 UTC,PETROL,1459
2001-06-01 00:00:00.000000 UTC,PETROL,2197
2007-11-01 00:00:00.000000 UTC,DIESEL,1533
2006-10-01 00:00:00.000000 UTC,PETROL,1310
2003-07-01 00:00:00.000000 UTC,DIESEL,1946
2020-07-01 00:00:00.000000 UTC,HYBRID ELECTRIC,611
2020-11-01 00:00:00.000000 UTC,DIESEL,579
2020-06-01 00:00:00.000000 UTC,HYBRID ELECTRIC,371
2020-08-01 00:00:00.000000 UTC,HYBRID ELECTRIC,426
2009-12-01 00:00:00.000000 UTC,PETROL,840
2009-10-01 00:00:00.000000 UTC,PETROL,1748
2008-11-01 00:00:00.000000 UTC,DIESEL,1002
2006-12-01 00:00:00.000000 UTC,DIESEL,919
2009-08-01 00:00:00.000000 UTC,DIESEL,1696
2009-11-01 00:00:00.000000 UTC,DIESEL,1625
2003-03-01 00:00:00.000000 UTC,PETROL,3292
2020-06-01 00:00:00.000000 UTC,DIESEL,1065
2008-04-01 00:00:00.000000 UTC,DIESEL,3388
2002-12-01 00:00:00.000000 UTC,PETROL,582
2002-05-01 00:00:00.000000 UTC,PETROL,2136
2006-05-01 00:00:00.000000 UTC,PETROL,2209
2003-02-01 00:00:00.000000 UTC,PETROL,2195
2006-01-01 00:00:00.000000 UTC,PETROL,3447
2003-02-01 00:00:00.000000 UTC,DIESEL,2368
2006-10-01 00:00:00.000000 UTC,HYBRID ELECTRIC,3
2002-11-01 00:00:00.000000 UTC,PETROL,1144
2002-01-01 00:00:00.000000 UTC,PETROL,3115
2003-05-01 00:00:00.000000 UTC,DIESEL,2454
2006-03-01 00:00:00.000000 UTC,PETROL,4204
2007-04-01 00:00:00.000000 UTC,DIESEL,2931
2020-01-01 00:00:00.000000 UTC,HYBRID ELECTRIC,643
2004-05-01 00:00:00.000000 UTC,PETROL,2096
2008-10-01 00:00:00.000000 UTC,PETROL,1042
2002-04-01 00:00:00.000000 UTC,DIESEL,2217
2009-12-01 00:00:00.000000 UTC,DIESEL,1102
2003-08-01 00:00:00.000000 UTC,DIESEL,1657
2003-04-01 00:00:00.000000 UTC,DIESEL,2354
2020-05-01 00:00:00.000000 UTC,DIESEL,56
2009-06-01 00:00:00.000000 UTC,PETROL,2136
2020-07-01 00:00:00.000000 UTC,ELECTRICITY,153
2010-05-01 00:00:00.000000 UTC,DIESEL,2614
2010-02-01 00:00:00.000000 UTC,DIESEL,2888
2010-11-01 00:00:00.000000 UTC,PETROL,977
2011-03-01 00:00:00.000000 UTC,DIESEL,4919
2011-04-01 00:00:00.000000 UTC,PETROL,1389
2011-06-01 00:00:00.000000 UTC,PETROL,2101
2012-09-01 00:00:00.000000 UTC,DIESEL,3357
2012-12-01 00:00:00.000000 UTC,DIESEL,957
2012-07-01 00:00:00.000000 UTC,DIESEL,2300
2012-04-01 00:00:00.000000 UTC,PETROL,1241
2012-03-01 00:00:00.000000 UTC,PETROL,3028
2012-08-01 00:00:00.000000 UTC,DIESEL,1621
2012-10-01 00:00:00.000000 UTC,PETROL,1072
2012-07-01 00:00:00.000000 UTC,PETROL,1303
2013-12-01 00:00:00.000000 UTC,DIESEL,1229
2013-11-01 00:00:00.000000 UTC,DIESEL,1741
2013-09-01 00:00:00.000000 UTC,DIESEL,3518
2013-02-01 00:00:00.000000 UTC,DIESEL,2459
2013-01-01 00:00:00.000000 UTC,DIESEL,4433
2013-10-01 00:00:00.000000 UTC,PETROL,1155
2013-08-01 00:00:00.000000 UTC,PETROL,1471
2014-07-01 00:00:00.000000 UTC,DIESEL,2683
2014-01-01 00:00:00.000000 UTC,DIESEL,4591
2014-12-01 00:00:00.000000 UTC,DIESEL,1224
2015-05-01 00:00:00.000000 UTC,DIESEL,2601
2015-07-01 00:00:00.000000 UTC,PETROL,1688
2015-07-01 00:00:00.000000 UTC,DIESEL,2591
2015-03-01 00:00:00.000000 UTC,PETROL,3446
2015-12-01 00:00:00.000000 UTC,HYBRID ELECTRIC,30
2015-04-01 00:00:00.000000 UTC,PETROL,1760
2015-03-01 00:00:00.000000 UTC,HYBRID ELECTRIC,82
2016-11-01 00:00:00.000000 UTC,DIESEL,1789
2016-11-01 00:00:00.000000 UTC,HYBRID ELECTRIC,92
2016-04-01 00:00:00.000000 UTC,PETROL,1968
2017-03-01 00:00:00.000000 UTC,DIESEL,5524
2017-09-01 00:00:00.000000 UTC,PETROL,3264
2017-06-01 00:00:00.000000 UTC,PETROL,2597
2017-07-01 00:00:00.000000 UTC,HYBRID ELECTRIC,123
2017-07-01 00:00:00.000000 UTC,PETROL,1604
2017-02-01 00:00:00.000000 UTC,PETROL,1852
2018-03-01 00:00:00.000000 UTC,PETROL,5120
2018-02-01 00:00:00.000000 UTC,DIESEL,2163
2018-09-01 00:00:00.000000 UTC,DIESEL,2885
2018-02-01 00:00:00.000000 UTC,PETROL,2390
2018-04-01 00:00:00.000000 UTC,DIESEL,2063
2018-11-01 00:00:00.000000 UTC,PETROL,2227
2018-04-01 00:00:00.000000 UTC,PETROL,2918
2019-11-01 00:00:00.000000 UTC,DIESEL,1417
2019-05-01 00:00:00.000000 UTC,HYBRID ELECTRIC,282
2019-09-01 00:00:00.000000 UTC,ELECTRICITY,112
2021-01-01 00:00:00.000000 UTC,DIESEL,519
2021-06-01 00:00:00.000000 UTC,PETROL,2346
2021-05-01 00:00:00.000000 UTC,HYBRID ELECTRIC,727
2021-06-01 00:00:00.000000 UTC,DIESEL,594
2021-04-01 00:00:00.000000 UTC,DIESEL,652
2021-07-01 00:00:00.000000 UTC,PETROL,1738
2021-03-01 00:00:00.000000 UTC,HYBRID ELECTRIC,905
2021-04-01 00:00:00.000000 UTC,HYBRID ELECTRIC,631
2003-03-01 00:00:00.000000 UTC,DIESEL,3817
2020-04-01 00:00:00.000000 UTC,DIESEL,9
2004-11-01 00:00:00.000000 UTC,PETROL,1298
2008-02-01 00:00:00.000000 UTC,PETROL,2672
2002-08-01 00:00:00.000000 UTC,PETROL,1707
2009-04-01 00:00:00.000000 UTC,PETROL,1444
2004-08-01 00:00:00.000000 UTC,PETROL,1731
2018-04-01 00:00:00.000000 UTC,ELECTRICITY,27
2021-02-01 00:00:00.000000 UTC,ELECTRICITY,106
2017-01-01 00:00:00.000000 UTC,ELECTRICITY,41
2011-07-01 00:00:00.000000 UTC,ELECTRICITY,1
2005-06-01 00:00:00.000000 UTC,GAS BI-FUEL,3
2021-05-01 00:00:00.000000 UTC,GAS BI-FUEL,6
2021-08-01 00:00:00.000000 UTC,GAS BI-FUEL,7
2018-04-01 00:00:00.000000 UTC,HYBRID ELECTRIC,202
2009-09-01 00:00:00.000000 UTC,HYBRID ELECTRIC,36
2015-04-01 00:00:00.000000 UTC,HYBRID ELECTRIC,39
2007-05-01 00:00:00.000000 UTC,HYBRID ELECTRIC,9
2008-06-01 00:00:00.000000 UTC,HYBRID ELECTRIC,15
2007-06-01 00:00:00.000000 UTC,HYBRID ELECTRIC,12
2015-07-01 00:00:00.000000 UTC,HYBRID ELECTRIC,40
2019-12-01 00:00:00.000000 UTC,ELECTRIC DIESEL,9
2013-06-01 00:00:00.000000 UTC,ELECTRICITY,5
2021-12-01 00:00:00.000000 UTC,DIESEL,160
2022-04-01 00:00:00.000000 UTC,ELECTRICITY,206
2022-08-01 00:00:00.000000 UTC,ELECTRICITY,277
2014-05-01 00:00:00.000000 UTC,HYBRID ELECTRIC,41
2022-09-01 00:00:00.000000 UTC,HYBRID ELECTRIC,916
2022-03-01 00:00:00.000000 UTC,HYBRID ELECTRIC,809
2021-11-01 00:00:00.000000 UTC,HYBRID ELECTRIC,429
2022-03-01 00:00:00.000000 UTC,PETROL,2024
2022-01-01 00:00:00.000000 UTC,HYBRID ELECTRIC,899
2022-05-01 00:00:00.000000 UTC,PETROL,1473
2022-11-01 00:00:00.000000 UTC,PETROL,1405
2021-11-01 00:00:00.000000 UTC,ELECTRIC DIESEL,41
2016-02-01 00:00:00.000000 UTC,ELECTRIC DIESEL,1
2022-10-01 00:00:00.000000 UTC,PETROL,1261
2021-10-01 00:00:00.000000 UTC,HYBRID ELECTRIC,431
2022-08-01 00:00:00.000000 UTC,HYBRID ELECTRIC,635
2022-05-01 00:00:00.000000 UTC,DIESEL,463
2014-12-01 00:00:00.000000 UTC,ELECTRICITY,35
2010-03-01 00:00:00.000000 UTC,HYBRID ELECTRIC,27
2009-11-01 00:00:00.000000 UTC,HYBRID ELECTRIC,4
2006-05-01 00:00:00.000000 UTC,GAS BI-FUEL,1
2008-09-01 00:00:00.000000 UTC,HYBRID ELECTRIC,10
2022-05-01 00:00:00.000000 UTC,GAS BI-FUEL,13
2011-08-01 00:00:00.000000 UTC,GAS BI-FUEL,1
2018-10-01 00:00:00.000000 UTC,ELECTRICITY,23
2015-01-01 00:00:00.000000 UTC,ELECTRIC DIESEL,3
2006-12-01 00:00:00.000000 UTC,GAS BI-FUEL,1
2016-07-01 00:00:00.000000 UTC,ELECTRICITY,12
2012-11-01 00:00:00.000000 UTC,ELECTRICITY,3
2022-11-01 00:00:00.000000 UTC,ELECTRIC DIESEL,27
2015-01-01 00:00:00.000000 UTC,ELECTRICITY,23
2022-09-01 00:00:00.000000 UTC,GAS BI-FUEL,8
2016-12-01 00:00:00.000000 UTC,ELECTRIC DIESEL,2
2017-06-01 00:00:00.000000 UTC,ELECTRICITY,33
2022-04-01 00:00:00.000000 UTC,GAS BI-FUEL,8
2010-08-01 00:00:00.000000 UTC,HYBRID ELECTRIC,16
2008-01-01 00:00:00.000000 UTC,HYBRID ELECTRIC,24
2017-03-01 00:00:00.000000 UTC,ELECTRIC DIESEL,2
2016-12-01 00:00:00.000000 UTC,ELECTRICITY,13
2015-04-01 00:00:00.000000 UTC,ELECTRICITY,21
2014-06-01 00:00:00.000000 UTC,ELECTRIC DIESEL,1
2016-06-01 00:00:00.000000 UTC,ELECTRICITY,8
2022-12-01 00:00:00.000000 UTC,GAS BI-FUEL,5
2014-07-01 00:00:00.000000 UTC,ELECTRICITY,6
2007-04-01 00:00:00.000000 UTC,HYBRID ELECTRIC,8
2011-03-01 00:00:00.000000 UTC,ELECTRICITY,3
2006-07-01 00:00:00.000000 UTC,HYBRID ELECTRIC,9
2010-02-01 00:00:00.000000 UTC,HYBRID ELECTRIC,23
2011-07-01 00:00:00.000000 UTC,HYBRID ELECTRIC,7
2001-02-01 00:00:00.000000 UTC,PETROL,16
2001-02-01 00:00:00.000000 UTC,DIESEL,3
2001-06-01 00:00:00.000000 UTC,GAS BI-FUEL,2
2002-07-01 00:00:00.000000 UTC,GAS BI-FUEL,5
2002-09-01 00:00:00.000000 UTC,GAS,3
2014-06-01 00:00:00.000000 UTC,GAS BI-FUEL,1
2003-11-01 00:00:00.000000 UTC,GAS BI-FUEL,7
2003-03-01 00:00:00.000000 UTC,GAS,4
2004-03-01 00:00:00.000000 UTC,GAS BI-FUEL,4
2005-12-01 00:00:00.000000 UTC,HYBRID ELECTRIC,1
2006-03-01 00:00:00.000000 UTC,GAS BI-FUEL,4
2006-02-01 00:00:00.000000 UTC,HYBRID ELECTRIC,3
2007-02-01 00:00:00.000000 UTC,HYBRID ELECTRIC,9
2007-05-01 00:00:00.000000 UTC,GAS BI-FUEL,3
2011-10-01 00:00:00.000000 UTC,OTHER,1
2011-11-01 00:00:00.000000 UTC,HYBRID ELECTRIC,3
2013-07-01 00:00:00.000000 UTC,HYBRID ELECTRIC,12
2020-08-01 00:00:00.000000 UTC,GAS BI-FUEL,6
2020-03-01 00:00:00.000000 UTC,GAS BI-FUEL,1
2021-02-01 00:00:00.000000 UTC,GAS BI-FUEL,1
2001-08-01 00:00:00.000000 UTC,GAS,1
2003-10-01 00:00:00.000000 UTC,GAS BI-FUEL,4
2004-01-01 00:00:00.000000 UTC,GAS,2
2004-07-01 00:00:00.000000 UTC,GAS,2
2005-02-01 00:00:00.000000 UTC,GAS BI-FUEL,6
2006-02-01 00:00:00.000000 UTC,GAS,1
2004-10-01 00:00:00.000000 UTC,GAS BI-FUEL,3
2004-07-01 00:00:00.000000 UTC,GAS BI-FUEL,1
2002-05-01 00:00:00.000000 UTC,GAS,2
2004-02-01 00:00:00.000000 UTC,GAS,1
2003-02-01 00:00:00.000000 UTC,GAS BI-FUEL,3
2001-10-01 00:00:00.000000 UTC,GAS BI-FUEL,1
2011-08-01 00:00:00.000000 UTC,ELECTRICITY,1
2013-04-01 00:00:00.000000 UTC,ELECTRICITY,1
2014-05-01 00:00:00.000000 UTC,ELECTRICITY,9
2014-02-01 00:00:00.000000 UTC,GAS BI-FUEL,1
2004-10-01 00:00:00.000000 UTC,HYBRID ELECTRIC,1
2005-02-01 00:00:00.000000 UTC,HYBRID ELECTRIC,1
2006-08-01 00:00:00.000000 UTC,HYBRID ELECTRIC,1
2014-01-01 00:00:00.000000 UTC,ELECTRIC DIESEL,6
2012-12-01 00:00:00.000000 UTC,ELECTRIC DIESEL,1
2013-10-01 00:00:00.000000 UTC,ELECTRIC DIESEL,3
2010-03-01 00:00:00.000000 UTC,GAS,1
2003-04-01 00:00:00.000000 UTC,GAS,1
2004-08-01 00:00:00.000000 UTC,GAS BI-FUEL,2
2005-08-01 00:00:00.000000 UTC,GAS,1
2006-08-01 00:00:00.000000 UTC,GAS BI-FUEL,3
2007-06-01 00:00:00.000000 UTC,GAS,1
2003-09-01 00:00:00.000000 UTC,GAS,1
2016-06-01 00:00:00.000000 UTC,ELECTRIC DIESEL,1
2003-11-01 00:00:00.000000 UTC,GAS,1
2017-06-01 00:00:00.000000 UTC,ELECTRIC DIESEL,1
2004-09-01 00:00:00.000000 UTC,PETROL,2429
2006-05-01 00:00:00.000000 UTC,DIESEL,3126
2020-08-01 00:00:00.000000 UTC,PETROL,2180
2020-02-01 00:00:00.000000 UTC,ELECTRICITY,78
2005-07-01 00:00:00.000000 UTC,DIESEL,2695
2009-03-01 00:00:00.000000 UTC,PETROL,2490
2008-01-01 00:00:00.000000 UTC,PETROL,3878
2003-09-01 00:00:00.000000 UTC,DIESEL,2964
2009-11-01 00:00:00.000000 UTC,PETROL,1551
2005-08-01 00:00:00.000000 UTC,PETROL,1878
2006-12-01 00:00:00.000000 UTC,PETROL,727
2001-09-01 00:00:00.000000 UTC,PETROL,2263
2008-09-01 00:00:00.000000 UTC,DIESEL,2989
2006-10-01 00:00:00.000000 UTC,DIESEL,1727
2008-07-01 00:00:00.000000 UTC,PETROL,1656
2001-08-01 00:00:00.000000 UTC,DIESEL,1482
2020-07-01 00:00:00.000000 UTC,ELECTRIC DIESEL,67
2020-07-01 00:00:00.000000 UTC,PETROL,2768
2020-02-01 00:00:00.000000 UTC,DIESEL,1234
2020-03-01 00:00:00.000000 UTC,ELECTRICITY,118
2009-09-01 00:00:00.000000 UTC,DIESEL,3192
2006-07-01 00:00:00.000000 UTC,PETROL,1892
2006-07-01 00:00:00.000000 UTC,DIESEL,2746
2008-02-01 00:00:00.000000 UTC,DIESEL,3177
2004-09-01 00:00:00.000000 UTC,DIESEL,3225
2007-03-01 00:00:00.000000 UTC,PETROL,4238
2006-02-01 00:00:00.000000 UTC,PETROL,2729
2007-02-01 00:00:00.000000 UTC,PETROL,2547
2001-09-01 00:00:00.000000 UTC,DIESEL,2053
2003-08-01 00:00:00.000000 UTC,PETROL,1667
2005-01-01 00:00:00.000000 UTC,PETROL,3156
2005-07-01 00:00:00.000000 UTC,PETROL,1950
2005-04-01 00:00:00.000000 UTC,PETROL,1933
2007-07-01 00:00:00.000000 UTC,DIESEL,3214
2020-03-01 00:00:00.000000 UTC,HYBRID ELECTRIC,410
2020-10-01 00:00:00.000000 UTC,HYBRID ELECTRIC,528
2005-05-01 00:00:00.000000 UTC,DIESEL,3110
2001-08-01 00:00:00.000000 UTC,PETROL,1853
2004-04-01 00:00:00.000000 UTC,DIESEL,2576
2004-01-01 00:00:00.000000 UTC,PETROL,3521
2020-12-01 00:00:00.000000 UTC,PETROL,1053
2020-01-01 00:00:00.000000 UTC,ELECTRIC DIESEL,63
2007-08-01 00:00:00.000000 UTC,PETROL,1974
2007-08-01 00:00:00.000000 UTC,DIESEL,2387
2006-04-01 00:00:00.000000 UTC,DIESEL,2621
2009-07-01 00:00:00.000000 UTC,DIESEL,2553
2005-02-01 00:00:00.000000 UTC,DIESEL,2878
2010-06-01 00:00:00.000000 UTC,PETROL,2210
2010-02-01 00:00:00.000000 UTC,PETROL,2456
2010-01-01 00:00:00.000000 UTC,DIESEL,5044
2010-05-01 00:00:00.000000 UTC,PETROL,1807
2011-06-01 00:00:00.000000 UTC,DIESEL,3258
2011-01-01 00:00:00.000000 UTC,DIESEL,4558
2011-09-01 00:00:00.000000 UTC,DIESEL,3218
2011-02-01 00:00:00.000000 UTC,DIESEL,2591
2011-10-01 00:00:00.000000 UTC,PETROL,1028
2011-08-01 00:00:00.000000 UTC,DIESEL,1705
2012-11-01 00:00:00.000000 UTC,DIESEL,1488
2012-04-01 00:00:00.000000 UTC,DIESEL,2449
2012-06-01 00:00:00.000000 UTC,PETROL,2126
2012-12-01 00:00:00.000000 UTC,PETROL,496
2013-06-01 00:00:00.000000 UTC,PETROL,2530
2014-11-01 00:00:00.000000 UTC,DIESEL,1692
2014-09-01 00:00:00.000000 UTC,DIESEL,3488
2014-10-01 00:00:00.000000 UTC,PETROL,1363
2014-08-01 00:00:00.000000 UTC,DIESEL,1958
2015-03-01 00:00:00.000000 UTC,DIESEL,5147
2015-11-01 00:00:00.000000 UTC,DIESEL,1731
2015-06-01 00:00:00.000000 UTC,PETROL,2659
2015-02-01 00:00:00.000000 UTC,DIESEL,2844
2015-05-01 00:00:00.000000 UTC,PETROL,2090
2015-10-01 00:00:00.000000 UTC,PETROL,1267
2015-10-01 00:00:00.000000 UTC,DIESEL,2082
2015-11-01 00:00:00.000000 UTC,PETROL,946
2015-01-01 00:00:00.000000 UTC,PETROL,2981
2016-06-01 00:00:00.000000 UTC,PETROL,2504
2016-10-01 00:00:00.000000 UTC,DIESEL,1861
2016-09-01 00:00:00.000000 UTC,PETROL,2931
2016-11-01 00:00:00.000000 UTC,PETROL,1012
2017-04-01 00:00:00.000000 UTC,DIESEL,1673
2017-10-01 00:00:00.000000 UTC,DIESEL,1599
2017-04-01 00:00:00.000000 UTC,HYBRID ELECTRIC,94
2017-12-01 00:00:00.000000 UTC,PETROL,954
2017-08-01 00:00:00.000000 UTC,DIESEL,1665
2017-03-01 00:00:00.000000 UTC,ELECTRICITY,73
2018-08-01 00:00:00.000000 UTC,PETROL,2534
2018-03-01 00:00:00.000000 UTC,DIESEL,4414
2018-03-01 00:00:00.000000 UTC,HYBRID ELECTRIC,326
2018-08-01 00:00:00.000000 UTC,ELECTRICITY,11
2018-11-01 00:00:00.000000 UTC,ELECTRICITY,37
2018-11-01 00:00:00.000000 UTC,HYBRID ELECTRIC,222
2019-05-01 00:00:00.000000 UTC,DIESEL,2138
2019-04-01 00:00:00.000000 UTC,DIESEL,2123
2019-07-01 00:00:00.000000 UTC,PETROL,2626
2019-11-01 00:00:00.000000 UTC,PETROL,2264
2019-07-01 00:00:00.000000 UTC,DIESEL,1733
2019-02-01 00:00:00.000000 UTC,PETROL,2746
2019-02-01 00:00:00.000000 UTC,HYBRID ELECTRIC,256
2019-12-01 00:00:00.000000 UTC,ELECTRICITY,59
2019-03-01 00:00:00.000000 UTC,ELECTRICITY,63
2019-01-01 00:00:00.000000 UTC,HYBRID ELECTRIC,400
2021-08-01 00:00:00.000000 UTC,DIESEL,330
2021-09-01 00:00:00.000000 UTC,DIESEL,411
2021-09-01 00:00:00.000000 UTC,ELECTRIC DIESEL,84
2021-01-01 00:00:00.000000 UTC,HYBRID ELECTRIC,494
2021-01-01 00:00:00.000000 UTC,PETROL,1280
2021-04-01 00:00:00.000000 UTC,ELECTRICITY,154
2021-10-01 00:00:00.000000 UTC,PETROL,1328
2001-07-01 00:00:00.000000 UTC,DIESEL,1593
2003-01-01 00:00:00.000000 UTC,DIESEL,3849
2002-01-01 00:00:00.000000 UTC,DIESEL,3469
2001-11-01 00:00:00.000000 UTC,DIESEL,1068
2005-10-01 00:00:00.000000 UTC,PETROL,1389
2020-06-01 00:00:00.000000 UTC,ELECTRICITY,114
2020-11-01 00:00:00.000000 UTC,ELECTRICITY,142
2019-11-01 00:00:00.000000 UTC,ELECTRICITY,78
2017-12-01 00:00:00.000000 UTC,ELECTRICITY,20
2017-10-01 00:00:00.000000 UTC,ELECTRICITY,10
2015-06-01 00:00:00.000000 UTC,ELECTRICITY,28
2020-08-01 00:00:00.000000 UTC,ELECTRICITY,142
2008-02-01 00:00:00.000000 UTC,GAS BI-FUEL,5
2021-06-01 00:00:00.000000 UTC,GAS BI-FUEL,8
2021-07-01 00:00:00.000000 UTC,GAS BI-FUEL,6
2017-01-01 00:00:00.000000 UTC,ELECTRIC DIESEL,5
2016-07-01 00:00:00.000000 UTC,ELECTRIC DIESEL,2
2014-09-01 00:00:00.000000 UTC,ELECTRIC DIESEL,2
2020-02-01 00:00:00.000000 UTC,ELECTRIC DIESEL,62
2020-06-01 00:00:00.000000 UTC,ELECTRIC DIESEL,59
2014-11-01 00:00:00.000000 UTC,HYBRID ELECTRIC,36
2016-07-01 00:00:00.000000 UTC,HYBRID ELECTRIC,74
2011-09-01 00:00:00.000000 UTC,HYBRID ELECTRIC,33
2016-12-01 00:00:00.000000 UTC,HYBRID ELECTRIC,52
2018-12-01 00:00:00.000000 UTC,HYBRID ELECTRIC,137
2012-10-01 00:00:00.000000 UTC,HYBRID ELECTRIC,20
2016-01-01 00:00:00.000000 UTC,HYBRID ELECTRIC,140
2017-12-01 00:00:00.000000 UTC,HYBRID ELECTRIC,59
2015-09-01 00:00:00.000000 UTC,HYBRID ELECTRIC,84
2015-02-01 00:00:00.000000 UTC,HYBRID ELECTRIC,47
2017-01-01 00:00:00.000000 UTC,HYBRID ELECTRIC,166
2020-11-01 00:00:00.000000 UTC,HYBRID ELECTRIC,456
2020-11-01 00:00:00.000000 UTC,ELECTRIC DIESEL,94
2015-12-01 00:00:00.000000 UTC,ELECTRICITY,20
2021-12-01 00:00:00.000000 UTC,HYBRID ELECTRIC,259
2022-01-01 00:00:00.000000 UTC,DIESEL,452
2020-12-01 00:00:00.000000 UTC,ELECTRIC DIESEL,44
2022-12-01 00:00:00.000000 UTC,ELECTRICITY,384
2014-09-01 00:00:00.000000 UTC,ELECTRICITY,24
2022-04-01 00:00:00.000000 UTC,HYBRID ELECTRIC,769
2022-10-01 00:00:00.000000 UTC,HYBRID ELECTRIC,770
2022-06-01 00:00:00.000000 UTC,ELECTRIC DIESEL,66
2009-07-01 00:00:00.000000 UTC,HYBRID ELECTRIC,18
2022-03-01 00:00:00.000000 UTC,ELECTRIC DIESEL,83
2018-01-01 00:00:00.000000 UTC,ELECTRICITY,18
2003-07-01 00:00:00.000000 UTC,GAS BI-FUEL,8
2015-08-01 00:00:00.000000 UTC,ELECTRIC DIESEL,5
2011-08-01 00:00:00.000000 UTC,HYBRID ELECTRIC,12
2002-12-01 00:00:00.000000 UTC,DIESEL,623
2013-03-01 00:00:00.000000 UTC,ELECTRIC DIESEL,5
2012-04-01 00:00:00.000000 UTC,ELECTRICITY,3
2016-05-01 00:00:00.000000 UTC,ELECTRICITY,2
2022-11-01 00:00:00.000000 UTC,HYBRID ELECTRIC,618
2022-11-01 00:00:00.000000 UTC,DIESEL,274
2022-11-01 00:00:00.000000 UTC,GAS BI-FUEL,41
2022-09-01 00:00:00.000000 UTC,ELECTRIC DIESEL,51
2022-10-01 00:00:00.000000 UTC,GAS BI-FUEL,13
2010-11-01 00:00:00.000000 UTC,HYBRID ELECTRIC,12
2020-04-01 00:00:00.000000 UTC,ELECTRICITY,11
2015-07-01 00:00:00.000000 UTC,ELECTRICITY,11
2010-07-01 00:00:00.000000 UTC,HYBRID ELECTRIC,15
2015-05-01 00:00:00.000000 UTC,ELECTRICITY,26
2017-02-01 00:00:00.000000 UTC,ELECTRICITY,20
2015-08-01 00:00:00.000000 UTC,ELECTRICITY,20
2018-06-01 00:00:00.000000 UTC,ELECTRICITY,17
2016-04-01 00:00:00.000000 UTC,ELECTRICITY,5
2015-11-01 00:00:00.000000 UTC,ELECTRIC DIESEL,1
2014-11-01 00:00:00.000000 UTC,ELECTRICITY,13
2017-09-01 00:00:00.000000 UTC,ELECTRICITY,14
2019-11-01 00:00:00.000000 UTC,ELECTRIC DIESEL,15
2002-07-01 00:00:00.000000 UTC,GAS,2
2012-09-01 00:00:00.000000 UTC,HYBRID ELECTRIC,16
2022-07-01 00:00:00.000000 UTC,GAS BI-FUEL,12
2005-07-01 00:00:00.000000 UTC,HYBRID ELECTRIC,6
2011-04-01 00:00:00.000000 UTC,HYBRID ELECTRIC,16
2006-04-01 00:00:00.000000 UTC,GAS BI-FUEL,4
2001-12-01 00:00:00.000000 UTC,GAS BI-FUEL,1
2002-01-01 00:00:00.000000 UTC,GAS BI-FUEL,6
2003-09-01 00:00:00.000000 UTC,GAS BI-FUEL,7
2004-05-01 00:00:00.000000 UTC,GAS BI-FUEL,9
2005-03-01 00:00:00.000000 UTC,GAS BI-FUEL,10
2005-09-01 00:00:00.000000 UTC,HYBRID ELECTRIC,2
2005-10-01 00:00:00.000000 UTC,GAS BI-FUEL,3
2006-01-01 00:00:00.000000 UTC,HYBRID ELECTRIC,8
2006-06-01 00:00:00.000000 UTC,HYBRID ELECTRIC,5
2007-09-01 00:00:00.000000 UTC,GAS BI-FUEL,2
2007-06-01 00:00:00.000000 UTC,OTHER,1
2007-01-01 00:00:00.000000 UTC,GAS BI-FUEL,3
2008-01-01 00:00:00.000000 UTC,GAS BI-FUEL,2
2010-04-01 00:00:00.000000 UTC,GAS BI-FUEL,2
2012-11-01 00:00:00.000000 UTC,HYBRID ELECTRIC,9
2013-11-01 00:00:00.000000 UTC,HYBRID ELECTRIC,20
2020-06-01 00:00:00.000000 UTC,GAS BI-FUEL,3
2020-10-01 00:00:00.000000 UTC,GAS BI-FUEL,4
2001-11-01 00:00:00.000000 UTC,GAS BI-FUEL,3
2001-08-01 00:00:00.000000 UTC,GAS BI-FUEL,3
2001-01-01 00:00:00.000000 UTC,DIESEL,4
2002-12-01 00:00:00.000000 UTC,GAS,1
2004-11-01 00:00:00.000000 UTC,GAS BI-FUEL,1
2007-03-01 00:00:00.000000 UTC,GAS BI-FUEL,5
2008-06-01 00:00:00.000000 UTC,GAS BI-FUEL,2
2018-01-01 00:00:00.000000 UTC,ELECTRIC DIESEL,3
2003-01-01 00:00:00.000000 UTC,GAS,2
2004-05-01 00:00:00.000000 UTC,GAS,1
2006-10-01 00:00:00.000000 UTC,GAS BI-FUEL,1
2007-04-01 00:00:00.000000 UTC,OTHER,1
2011-06-01 00:00:00.000000 UTC,GAS BI-FUEL,1
2006-04-01 00:00:00.000000 UTC,GAS,1
2009-03-01 00:00:00.000000 UTC,OTHER,1
2006-09-01 00:00:00.000000 UTC,OTHER,1
2005-04-01 00:00:00.000000 UTC,GAS,1
2006-05-01 00:00:00.000000 UTC,GAS,1
2008-01-01 00:00:00.000000 UTC,GAS,1
2012-10-01 00:00:00.000000 UTC,ELECTRICITY,1
2013-05-01 00:00:00.000000 UTC,ELECTRICITY,15
2013-10-01 00:00:00.000000 UTC,ELECTRICITY,7
2013-11-01 00:00:00.000000 UTC,ELECTRICITY,2
2017-08-01 00:00:00.000000 UTC,ELECTRICITY,4
2003-10-01 00:00:00.000000 UTC,HYBRID ELECTRIC,1
2004-01-01 00:00:00.000000 UTC,HYBRID ELECTRIC,5
2004-04-01 00:00:00.000000 UTC,HYBRID ELECTRIC,1
2005-07-01 00:00:00.000000 UTC,GAS,2
2008-08-01 00:00:00.000000 UTC,GAS BI-FUEL,1
2009-06-01 00:00:00.000000 UTC,GAS BI-FUEL,1
2011-11-01 00:00:00.000000 UTC,ELECTRICITY,1
2012-07-01 00:00:00.000000 UTC,ELECTRIC DIESEL,1
2012-11-01 00:00:00.000000 UTC,ELECTRIC DIESEL,2
2013-04-01 00:00:00.000000 UTC,ELECTRIC DIESEL,1
2007-10-01 00:00:00.000000 UTC,GAS BI-FUEL,1
2001-03-01 00:00:00.000000 UTC,GAS,2
2006-06-01 00:00:00.000000 UTC,GAS BI-FUEL,3
2011-02-01 00:00:00.000000 UTC,ELECTRICITY,1
2013-11-01 00:00:00.000000 UTC,ELECTRIC DIESEL,2
2015-02-01 00:00:00.000000 UTC,ELECTRIC DIESEL,2
2015-06-01 00:00:00.000000 UTC,ELECTRIC DIESEL,1
2016-03-01 00:00:00.000000 UTC,ELECTRIC DIESEL,2
2016-10-01 00:00:00.000000 UTC,ELECTRIC DIESEL,1